{"polyfill":["/polyfill-16797aeb1857e4bdc070.js"],"app":["/app-e86ac8d3b63a822cbe68.js"],"component---src-pages-about-tsx":["/component---src-pages-about-tsx-08b673d50cc752e9c21e.js"],"component---src-pages-contact-tsx":["/component---src-pages-contact-tsx-31a1430cef70ba514a62.js"],"component---src-pages-impressum-tsx":["/component---src-pages-impressum-tsx-865a7df3efd9bff59253.js"],"component---src-pages-index-tsx":["/component---src-pages-index-tsx-e74a1767bd82caf1d6c4.js"],"component---src-pages-portfolio-tsx":["/component---src-pages-portfolio-tsx-f5070226b0c099a1615f.js"],"component---src-pages-privacy-tsx":["/component---src-pages-privacy-tsx-29a6c9ec4b08b643665c.js"],"component---src-pages-resume-tsx":["/component---src-pages-resume-tsx-a4e664cc2e993cad9b22.js"],"component---src-templates-portfolio-tsx":["/component---src-templates-portfolio-tsx-019210d2af023bde1451.js"]}