{"errors":[],"warnings":[],"namedChunkGroups":{"polyfill":{"chunks":[2,15],"assets":["webpack-runtime-718f17d41218d7758b4e.js","webpack-runtime-718f17d41218d7758b4e.js.map","polyfill-16797aeb1857e4bdc070.js","polyfill-16797aeb1857e4bdc070.js.map"],"children":{},"childAssets":{}},"app":{"chunks":[2,1,14,5],"assets":["webpack-runtime-718f17d41218d7758b4e.js","webpack-runtime-718f17d41218d7758b4e.js.map","styles.8729e0529e4e779b47e4.css","styles-e9d24b1846c7d6eb9685.js","styles-e9d24b1846c7d6eb9685.js.map","framework-acd7498685eeb36e39da.js","framework-acd7498685eeb36e39da.js.map","app-e86ac8d3b63a822cbe68.js","app-e86ac8d3b63a822cbe68.js.map"],"children":{},"childAssets":{}},"component---src-pages-about-tsx":{"chunks":[0,6],"assets":["commons-8367a8f1ebe33592cb96.js","commons-8367a8f1ebe33592cb96.js.map","component---src-pages-about-tsx-08b673d50cc752e9c21e.js","component---src-pages-about-tsx-08b673d50cc752e9c21e.js.map"],"children":{},"childAssets":{}},"component---src-pages-contact-tsx":{"chunks":[1,4,0,7],"assets":["styles.8729e0529e4e779b47e4.css","styles-e9d24b1846c7d6eb9685.js","styles-e9d24b1846c7d6eb9685.js.map","2c796e83-60e2212c9021f6e35f94.js","2c796e83-60e2212c9021f6e35f94.js.map","commons-8367a8f1ebe33592cb96.js","commons-8367a8f1ebe33592cb96.js.map","component---src-pages-contact-tsx-31a1430cef70ba514a62.js","component---src-pages-contact-tsx-31a1430cef70ba514a62.js.map"],"children":{},"childAssets":{}},"component---src-pages-impressum-tsx":{"chunks":[0,8],"assets":["commons-8367a8f1ebe33592cb96.js","commons-8367a8f1ebe33592cb96.js.map","component---src-pages-impressum-tsx-865a7df3efd9bff59253.js","component---src-pages-impressum-tsx-865a7df3efd9bff59253.js.map"],"children":{},"childAssets":{}},"component---src-pages-index-tsx":{"chunks":[0,9],"assets":["commons-8367a8f1ebe33592cb96.js","commons-8367a8f1ebe33592cb96.js.map","component---src-pages-index-tsx-e74a1767bd82caf1d6c4.js","component---src-pages-index-tsx-e74a1767bd82caf1d6c4.js.map"],"children":{},"childAssets":{}},"component---src-pages-portfolio-tsx":{"chunks":[1,0,10],"assets":["styles.8729e0529e4e779b47e4.css","styles-e9d24b1846c7d6eb9685.js","styles-e9d24b1846c7d6eb9685.js.map","commons-8367a8f1ebe33592cb96.js","commons-8367a8f1ebe33592cb96.js.map","component---src-pages-portfolio-tsx-f5070226b0c099a1615f.js","component---src-pages-portfolio-tsx-f5070226b0c099a1615f.js.map"],"children":{},"childAssets":{}},"component---src-pages-privacy-tsx":{"chunks":[0,11],"assets":["commons-8367a8f1ebe33592cb96.js","commons-8367a8f1ebe33592cb96.js.map","component---src-pages-privacy-tsx-29a6c9ec4b08b643665c.js","component---src-pages-privacy-tsx-29a6c9ec4b08b643665c.js.map"],"children":{},"childAssets":{}},"component---src-pages-resume-tsx":{"chunks":[0,12],"assets":["commons-8367a8f1ebe33592cb96.js","commons-8367a8f1ebe33592cb96.js.map","component---src-pages-resume-tsx-a4e664cc2e993cad9b22.js","component---src-pages-resume-tsx-a4e664cc2e993cad9b22.js.map"],"children":{},"childAssets":{}},"component---src-templates-portfolio-tsx":{"chunks":[0,13],"assets":["commons-8367a8f1ebe33592cb96.js","commons-8367a8f1ebe33592cb96.js.map","component---src-templates-portfolio-tsx-019210d2af023bde1451.js","component---src-templates-portfolio-tsx-019210d2af023bde1451.js.map"],"children":{},"childAssets":{}}},"assetsByChunkName":{"polyfill":["webpack-runtime-718f17d41218d7758b4e.js","polyfill-16797aeb1857e4bdc070.js"],"app":["webpack-runtime-718f17d41218d7758b4e.js","styles.8729e0529e4e779b47e4.css","styles-e9d24b1846c7d6eb9685.js","framework-acd7498685eeb36e39da.js","app-e86ac8d3b63a822cbe68.js"],"component---src-pages-about-tsx":["commons-8367a8f1ebe33592cb96.js","component---src-pages-about-tsx-08b673d50cc752e9c21e.js"],"component---src-pages-contact-tsx":["styles.8729e0529e4e779b47e4.css","styles-e9d24b1846c7d6eb9685.js","2c796e83-60e2212c9021f6e35f94.js","commons-8367a8f1ebe33592cb96.js","component---src-pages-contact-tsx-31a1430cef70ba514a62.js"],"component---src-pages-impressum-tsx":["commons-8367a8f1ebe33592cb96.js","component---src-pages-impressum-tsx-865a7df3efd9bff59253.js"],"component---src-pages-index-tsx":["commons-8367a8f1ebe33592cb96.js","component---src-pages-index-tsx-e74a1767bd82caf1d6c4.js"],"component---src-pages-portfolio-tsx":["styles.8729e0529e4e779b47e4.css","styles-e9d24b1846c7d6eb9685.js","commons-8367a8f1ebe33592cb96.js","component---src-pages-portfolio-tsx-f5070226b0c099a1615f.js"],"component---src-pages-privacy-tsx":["commons-8367a8f1ebe33592cb96.js","component---src-pages-privacy-tsx-29a6c9ec4b08b643665c.js"],"component---src-pages-resume-tsx":["commons-8367a8f1ebe33592cb96.js","component---src-pages-resume-tsx-a4e664cc2e993cad9b22.js"],"component---src-templates-portfolio-tsx":["commons-8367a8f1ebe33592cb96.js","component---src-templates-portfolio-tsx-019210d2af023bde1451.js"]}}